Data Komentar Balasan (Edge/Reply Nodes),,,,,,,,,,,,,
ID Unik,Jenis Konten,Tautan Konten,Username,Teks Konten,Sentimen,Jumlah Views,Jumlah Likes,Jumlah Komentar,Jumlah Shares,Tahun,Balasan ID Komentar,Platform,Lokasi
T051,Komentar Balasan,https://vt.tiktok.com/ZSPyknAdb/,Mec,"@Mec: Btw yang di cari perempuan , betul ga min ?",,,63,5,,2021,T01,TikTok,Indonesia
T052,Komentar Balasan,https://vt.tiktok.com/ZSPyknAdb/,Rodiah antegras,"@Rodiah antegras: BUMN mana,karna skr banyak sudah holding",,,25,3,,2021,T01,TikTok,Indonesia
T053,Komentar Balasan,https://vt.tiktok.com/ZSPyknAdb/,kingbrow7,@kingbrow7: saya pengen krj tpi saya mau nya jadi tukang bersih bersh OB mau di tempatkn di mana saja saya siap krj ğŸ™,,,13,4,,2021,T01,TikTok,Indonesia
T054,Komentar Balasan,https://vt.tiktok.com/ZSPyknAdb/,Heart Screamer,@Heart Screamer: Harus jd penjilat dlu ya guys biar ditrima,,,6,3,,2021,T01,TikTok,Indonesia
T055,Komentar Balasan,https://vt.tiktok.com/ZSPyUtkHd/,puteraa,"@puteraa: nganggur 2 bulan gak ngapa-ngapain sementara istri hamil, pas pesangon udah habis baru cari kerja lagi, mindset kek gini tolong dirubah",,,553,80,,2021,T02,TikTok,Indonesia
T056,Komentar Balasan,https://vt.tiktok.com/ZSPyUtkHd/,gaza,@gaza: saya udah 7 bulan pak sudah kesana kemari email sana sini belum ada hasil nya pak ğŸ˜ŒğŸ˜ŒğŸ˜­ğŸ˜­ semoga kita kuat pak,,,116,15,,2021,T02,TikTok,Indonesia
T057,Komentar Balasan,https://vt.tiktok.com/ZSPyUtkHd/,joans_parentsâ˜‘ï¸,"@joans_parentsâ˜‘ï¸: saya gak kerja sehari rasane wes bingung,, bedo lagi kalau emang keadaan sakit,, wahh midset seperti ini tolong dirubah",,,80,2,,2021,T02,TikTok,Indonesia
T058,Komentar Balasan,https://vt.tiktok.com/ZSPyUtkHd/,Tri Septiyanto535,"@Tri Septiyanto535: saya setahun nganggur ngelamar sudah email nyampe seratus x,di bawa orang,keliling dor to dor ke pabrik sehari bawa lamaran 3 ga ada yg nyantolğŸ˜”",,,4,5,,2021,T02,TikTok,Indonesia
T059,Komentar Balasan,https://vt.tiktok.com/ZSPyPbJyx/,Binds Store,"@Binds Store: ga ngaruh woy, tetep yg paling utama itu orang dalemğŸ˜„",,,8819,151,,2021,T03,TikTok,Indonesia
T060,Komentar Balasan,https://vt.tiktok.com/ZSPyPbJyx/,Dian Nangin,"@Dian Nangin: setahun nganggur, diomongin orang, diremehin orang, ngelamar sana sini tetap gk dapat pekerjaan, sedihlah pokoknya.â˜¹ï¸ğŸ˜­",,,1047,68,,2021,T03,TikTok,Indonesia
T061,Komentar Balasan,https://vt.tiktok.com/ZSPyPbJyx/,BuciinğŸŒ‹,@BuciinğŸŒ‹: sdah 1 th lebih jadi pengangguran. buat yg senasib smg kita cpat dapat pekerjaan yg halal dan layak amiiin,,,648,38,,2021,T03,TikTok,Indonesia
T062,Komentar Balasan,https://vt.tiktok.com/ZSPyPbJyx/,flouqisvy,"@flouqisvy: doain aku dapet kerja secepetnyaa, biar bisa nafkahin orang tuağŸ¥º",,,614,18,,2021,T03,TikTok,Indonesia
T063,Komentar Balasan,https://vt.tiktok.com/ZSPym38u5/,buketmawar,"@buketmawar: Sudah daftar, bismillah. allahumma sholliala sayyudina muhammad wa ala ali sayyidina muhammad semoga aku lolos aamiinğŸ¤—",,,47,29,,2021,T04,TikTok,Indonesia
T064,Komentar Balasan,https://vt.tiktok.com/ZSPym38u5/,co,@co: yah gabisa ya tamatan smk,,,20,11,,2021,T04,TikTok,Indonesia
T065,Komentar Balasan,https://vt.tiktok.com/ZSPym38u5/,Jasmine,"@Jasmine: buat teknik aja, sistem informasi gabisa ğŸ˜­ğŸ˜­ğŸ˜­",,,18,13,,2021,T04,TikTok,Indonesia
T066,Komentar Balasan,https://vt.tiktok.com/ZSPym38u5/,IFVNğŸ¦–,@IFVNğŸ¦–: Kenapa ada batasan umur maksimal 27 Tahun?,,,1,9,,2021,T04,TikTok,Indonesia
T067,Komentar Balasan,https://vt.tiktok.com/ZSPyXsDTc/,devianaamalia,"@devianaamalia: 2taun nganggur susah banget cari kerja, tp alhamdulillah skrng udah",,,293,26,,2021,T05,TikTok,Indonesia
T068,Komentar Balasan,https://vt.tiktok.com/ZSPyXsDTc/,bergerak ke alam baka,"@bergerak ke alam baka: Semua orang terlalu memperhatikan cv mereka,tapi mereka lupa bahwa salah satu unsur penting nya adalah REZEKI.Perbanyak berdoa dan beribadah aja,",,,140,3,,2021,T05,TikTok,Indonesia
T069,Komentar Balasan,https://vt.tiktok.com/ZSPyXsDTc/,noorcomeiscoming,"@noorcomeiscoming: 2 tahun, dari sebelum pandemiğŸ˜Œ mana ortu uda pensiun huhu sedih",,,94,11,,2021,T05,TikTok,Indonesia
T070,Komentar Balasan,https://vt.tiktok.com/ZSPyXsDTc/,Vallia,@Vallia: setaun lebih kağŸ¥º,,,93,10,,2021,T05,TikTok,Indonesia
T071,Komentar Balasan,https://vt.tiktok.com/ZSPyq6pAU/,gak tau siapa,"@gak tau siapa: jujur aku juga sedih sama orang yang pendapatan nya perhari dari hasil jualan,jualan sebelum covid aja belum tentu mencukupi apalagi pas ada covidğŸ¥º",,,216,6,,2021,T06,TikTok,Indonesia
T072,Komentar Balasan,https://vt.tiktok.com/ZSPyq6pAU/,sweet dears,"@sweet dears: yg dapet bansos ga tepat sasaran dan g semua dpt bansos, banyak permainan rs yg bkin data dipertanyakan, korupsi anggaran jg bkin g selesai ni pandemi",,,199,4,,2021,T06,TikTok,Indonesia
T073,Komentar Balasan,https://vt.tiktok.com/ZSPyq6pAU/,revall.-,"@revall.-: yess, terjadi ke keluarga gue, gatau harus minta pinjeman ke mana, karena kalau ke bank dengan masih keaadaan gini big no sih hahaha",,,107,4,,2021,T06,TikTok,Indonesia
T074,Komentar Balasan,https://vt.tiktok.com/ZSPyq6pAU/,Karman,"@Karman: 300 dijakarta sebulan dapet apaan ibu mentri?! Tolong dikaji ulang, sungguh Membagongkan sekali",,,89,1,,2021,T06,TikTok,Indonesia
T075,Komentar Balasan,https://vt.tiktok.com/ZSPf35YCT/,Mayang Sukma,@Mayang Sukma: smk nggak bisa ya kak?,,,15,10,,2021,T07,TikTok,Indonesia
T076,Komentar Balasan,https://vt.tiktok.com/ZSPf35YCT/,Izza Afkarina,@Izza Afkarina: pasti gagal di TB ğŸ™‚,,,11,7,,2021,T07,TikTok,Indonesia
T077,Komentar Balasan,https://vt.tiktok.com/ZSPf35YCT/,sagitarius97,@sagitarius97: pernah sampai interview namun gagal karna aku gak percaya diri kalo interviewğŸ¥º mengsyedih ğŸ¥º bismillah tahun ini bisa yuk bisa ğŸ’ª,,,10,16,,2021,T07,TikTok,Indonesia
T078,Komentar Balasan,https://vt.tiktok.com/ZSPf35YCT/,Laora bukan Laura ğŸ§šğŸ»â€â™€ï¸ğŸ«¦âœ¨,@Laora bukan Laura ğŸ§šğŸ»â€â™€ï¸ğŸ«¦âœ¨: sarjana pendidikan bisa kerja di kai nggkğŸ˜³,,,10,7,,2021,T07,TikTok,Indonesia
T079,Komentar Balasan,https://vt.tiktok.com/ZSPfKj5NS/,keripik paku,@keripik paku: gw ada di posisi lu bang ğŸ¥º bingung+ lelah hati.,,,6,3,,2021,T08,TikTok,Indonesia
T080,Komentar Balasan,https://vt.tiktok.com/ZSPfKj5NS/,chndyni5,"@chndyni5: semangat yuk mas, semoga kita smsm segera dapet kerja",,,4,2,,2021,T08,TikTok,Indonesia
T081,Komentar Balasan,https://vt.tiktok.com/ZSPfKj5NS/,ğ“…ğ’¾ğ’¾ğ’¾ğ’¾ğ’¾Ëš à¼˜,"@ğ“…ğ’¾ğ’¾ğ’¾ğ’¾ğ’¾Ëš à¼˜: semangat pejuang amplop coklat, semoga lekas dapat lapanganâœ¨",,,15,1,,2021,T08,TikTok,Indonesia
T082,Komentar Balasan,https://vt.tiktok.com/ZSPfKj5NS/,Bybeestore.id,@Bybeestore.id: Semangat samaÂ² pejuang amplop coklatğŸ˜¥,,,5,3,,2021,T08,TikTok,Indonesia
T083,Komentar Balasan,https://vt.tiktok.com/ZSPfEYWcB/,ğŸ…°ï¸L,"@ğŸ…°ï¸L: dan orang orang cuma bisa bilang ""eh lu ko masih blm krja aja sih,bukannya cari kerjaan lu"" padahal disisi lain kita sudah berjuang semaksimal mungkin",,,2512,22,,2021,T09,TikTok,Indonesia
T084,Komentar Balasan,https://vt.tiktok.com/ZSPfEYWcB/,Whitehat,"@Whitehat: usaha terus brok, doa dan sedekahnya jgn kendor. Sama setiap pagi atau tiap mau lamar2 kerja minta restu dan doa dari ibu, insyaallah selalu ada jalan",,,1070,12,,2021,T09,TikTok,Indonesia
T085,Komentar Balasan,https://vt.tiktok.com/ZSPfEYWcB/,sky at the evening of summer,"@sky at the evening of summer: lagi di posisi ini, i know exactly wht you feel, ngirim udah ratusan lamaran gak ada yang tembus dan ini hampir 1 tahun dri wisuda :)",,,439,46,,2021,T09,TikTok,Indonesia
T086,Komentar Balasan,https://vt.tiktok.com/ZSPfEYWcB/,Hasannasution,@Hasannasution: lagi ngerasain banget lulusan baru belum ada pengalaman terus lagi pandemi jadi susah dapet kerja semangat semua temen temen yang lagi berjuang ğŸ¥ºğŸ™,,,80,3,,2021,T09,TikTok,Indonesia
T087,Komentar Balasan,https://vt.tiktok.com/ZSPfoK14B/,kiyoğŸ±ğŸ†ğŸ’,@kiyoğŸ±ğŸ†ğŸ’: test bumn tu gmna ka??,,,20,26,,2021,T10,TikTok,Indonesia
T088,Komentar Balasan,https://vt.tiktok.com/ZSPfoK14B/,ilypo,@ilypo: buat sarjana pendidikan mending mundur aja masuk bumnğŸ˜ŒğŸ˜Œ gk formasinyağŸ˜¬,,,16,8,,2021,T10,TikTok,Indonesia
T089,Komentar Balasan,https://vt.tiktok.com/ZSPfoK14B/,nurrrrr,"@nurrrrr: kak bahas toefl dongggg, pleaseğŸ¥º",,,20,10,,2021,T10,TikTok,Indonesia
T090,Komentar Balasan,https://vt.tiktok.com/ZSPfoK14B/,yolafza,"@yolafza: kak, untuk prodi pendidikan bisa ga sih masuk BUMN ğŸ¥º",,,4,4,,2021,T10,TikTok,Indonesia
T091,Komentar Balasan,https://vt.tiktok.com/ZSPPeyW7d/,Ririe,"@Ririe: tahun berapa itu, UMK Batam sekrg 4,2jt",,,119,10,,2022,T11,TikTok,Indonesia
T092,Komentar Balasan,https://vt.tiktok.com/ZSPPeyW7d/,MuhamadFahrii,@MuhamadFahrii: karawang pabrik elit loker sulitt,,,7,2,,2022,T11,TikTok,Indonesia
T093,Komentar Balasan,https://vt.tiktok.com/ZSPPeyW7d/,Adi Handiwardoyo Tan,@Adi Handiwardoyo Tan: sedihnya gw yg umr jogjağŸ˜‚,,,6,4,,2022,T11,TikTok,Indonesia
T094,Komentar Balasan,https://vt.tiktok.com/ZSPPeyW7d/,Anting Mutiara Dewi ğŸ¾,@Anting Mutiara Dewi ğŸ¾: kerja di jogja menangis melihat ini ğŸ¥º,,,5,1,,2022,T11,TikTok,Indonesia
T095,Komentar Balasan,https://vt.tiktok.com/ZSPP8RASY/,V60ğŸ¶,"@V60ğŸ¶: ada orang dalam, lu aman ğŸ˜‚",,,5942,70,,2022,T12,TikTok,Indonesia
T096,Komentar Balasan,https://vt.tiktok.com/ZSPP8RASY/,a,@a: jangan bilang masih muda gamau kerja kadang orang gatau sulit nya dia berusaha mencari kerja,,,4624,53,,2022,T12,TikTok,Indonesia
T097,Komentar Balasan,https://vt.tiktok.com/ZSPP8RASY/,daddd,"@daddd: yg punya org dalem, lagi rebahan di rmh",,,1988,30,,2022,T12,TikTok,Indonesia
T098,Komentar Balasan,https://vt.tiktok.com/ZSPP8RASY/,clocktime,"@clocktime: pen cpet2 lulus biar bisa kerja udh mls d fase skolah,ucap anak yg blm tau dunia luarğŸ˜‚",,,1675,20,,2022,T12,TikTok,Indonesia
T099,Komentar Balasan,https://vt.tiktok.com/ZSPPLBBEL/,@nwğŸ’Œ,@@nwğŸ’Œ: yallah semoga mas dan mba semuanya cepet dpt kerja aamiin,,,3122,31,,2022,T13,TikTok,Indonesia
T100,Komentar Balasan,https://vt.tiktok.com/ZSPPLBBEL/,yazzil,"@yazzil: Aku yg sering ngeluh pas mau brangkat kerja,ngeliat ini jadi terharu dan berasa bersyukur bgt sama hidup ku sekarang,makasih ya Allah",,,1146,15,,2022,T13,TikTok,Indonesia
T101,Komentar Balasan,https://vt.tiktok.com/ZSPPLBBEL/,AWTFZH,"@AWTFZH: Tolong para HRD kalo para pencari kerja gk ditrima dibalikin CVnya daripada dibuang , karna bkinnya effort biaya dll.",,,753,28,,2022,T13,TikTok,Indonesia
T102,Komentar Balasan,https://vt.tiktok.com/ZSPPLBBEL/,Reza,@Reza: yang gajinya cuma sejuta yuk bersyukur masih ada kerjaan,,,290,16,,2022,T13,TikTok,Indonesia
T103,Komentar Balasan,https://vt.tiktok.com/ZSPPNxJUV/,Raman Zad,@Raman Zad: daripada bayar jutaan Dollar ke iklan. enakan kasih ke konsumen REAL free ongkir aja deh.,,,1979,51,,2022,T14,TikTok,Indonesia
T104,Komentar Balasan,https://vt.tiktok.com/ZSPPNxJUV/,Syafiq.Salman.Saka,@Syafiq.Salman.Saka: padahal shopee ga perlu pake BA lah..krn yang diinginkan pembeli tuh bukan BA tapi banyak freong dan diskon.,,,1840,32,,2022,T14,TikTok,Indonesia
T105,Komentar Balasan,https://vt.tiktok.com/ZSPPNxJUV/,SitWell,@SitWell: Pada berlari ke tiktok shop wkwk,,,808,25,,2022,T14,TikTok,Indonesia
T106,Komentar Balasan,https://vt.tiktok.com/ZSPPNxJUV/,debora br sebayang,@debora br sebayang: shoppe ditinggalkan karena mahal di ongkir.serius deh,,,437,21,,2022,T14,TikTok,Indonesia
T107,Komentar Balasan,https://vt.tiktok.com/ZSPPYFafa/,Watashiwa eren,@Watashiwa eren: sampe 3 tahun adağŸ¥º,,,54,2,,2022,T15,TikTok,Indonesia
T108,Komentar Balasan,https://vt.tiktok.com/ZSPPYFafa/,Jooooooooooooooooo,@Jooooooooooooooooo: ini yg gw takuti saat kuliahğŸ˜Œ,,,33,3,,2022,T15,TikTok,Indonesia
T109,Komentar Balasan,https://vt.tiktok.com/ZSPPYFafa/,iky,"@iky: kak saya lulus SMK niatnya mau kerja dulu, nah lebih efisien mana, antara kerja sambil kuliah apa sambil ikut pelatihan untuk ngasah skill yg spesifik",,,31,6,,2022,T15,TikTok,Indonesia
T110,Komentar Balasan,https://vt.tiktok.com/ZSPPYFafa/,Mas J,"@Mas J: tp ada yg blg, kalo loker yang tersedia itu malah hanya formalitas saja. aslinya menaikan nama perusahaan padahal udh ada kandidat yg baru.",,,28,2,,2022,T15,TikTok,Indonesia
T111,Komentar Balasan,https://vt.tiktok.com/ZSPPjMuuS/,Sarah Situmorang,@Sarah Situmorang: kk udah aply dari minggu lalu tapi belum ada jawaban kkğŸ˜ğŸ˜,,,48,7,,2022,T16,TikTok,Indonesia
T112,Komentar Balasan,https://vt.tiktok.com/ZSPPjMuuS/,dina noona nya NJ,@dina noona nya NJ: sayang nya laki laki yg di ambil,,,18,8,,2022,T16,TikTok,Indonesia
T113,Komentar Balasan,https://vt.tiktok.com/ZSPPjMuuS/,mowii,@mowii: kalo freshgraduate dan belum punya work experience gimana kak?,,,6,3,,2022,T16,TikTok,Indonesia
T114,Komentar Balasan,https://vt.tiktok.com/ZSPPjMuuS/,M snpr,@M snpr: fresh graduate?,,,3,3,,2022,T16,TikTok,Indonesia
T115,Komentar Balasan,https://vt.tiktok.com/ZSPP6PbCu/,VITO,"@VITO: waduh, ternyata anak sarjana juga nganggur ya. semoga ada solusi terbaik untuk cara mengatasi pengangguran di Indonesia :')",,,133,9,,2022,T17,TikTok,Indonesia
T116,Komentar Balasan,https://vt.tiktok.com/ZSPP6PbCu/,Abil,@Abil: terhambat dengan pengalaman apalagi usia di batasi beut sampe 25:),,,118,11,,2022,T17,TikTok,Indonesia
T117,Komentar Balasan,https://vt.tiktok.com/ZSPP6PbCu/,SecreNeroğŸ€,@SecreNeroğŸ€: lulusan SMK 2022 dan bulan ini ditahun 2023 belum dapet-dapet pekerjaanğŸ™‚,,,13,10,,2022,T17,TikTok,Indonesia
T118,Komentar Balasan,https://vt.tiktok.com/ZSPP6PbCu/,hfnofficial," @hfnofficial: gimana dapat kerja hrd aja nanya""kamu udh punya pengalaman?""dalem hati gw""gak punya pak,makanya saya melamar kerja di sini buat nyari pengalaman pak""",,,6,2,,2022,T17,TikTok,Indonesia
T119,Komentar Balasan,https://vt.tiktok.com/ZSPPMXpLW/,olyone77,@olyone77: hampir stres kalau nganggurğŸ¥º,,,862,31,,2022,T18,TikTok,Indonesia
T120,Komentar Balasan,https://vt.tiktok.com/ZSPPMXpLW/,nama saya,"@nama saya: Apalagi kalau temen udah dapat kerja, memang ga boleh iri tapi ya Allah giliran aku kapan. Tapi percaya aja takdir Allah itu indahğŸ˜­",,,651,19,,2022,T18,TikTok,Indonesia
T121,Komentar Balasan,https://vt.tiktok.com/ZSPPMXpLW/,your mine,@your mine: insyaAllah yg masih mganggur sbelum 2023 udah dapet kerja semua aamiinğŸ¥°,,,607,43,,2022,T18,TikTok,Indonesia
T122,Komentar Balasan,https://vt.tiktok.com/ZSPPMXpLW/,hallow,@hallow: ya Allah ga minta banyak kok aku cuman pengen kerja capek nganggur pengen jdi anak yg bergunağŸ˜Œ,,,490,6,,2022,T18,TikTok,Indonesia
T123,Komentar Balasan,https://vt.tiktok.com/ZSPPh1ENB/,Anggi,@Anggi: tkt banget pas wawancara pake bahasa Inggris,,,1761,6,,2022,T19,TikTok,Indonesia
T124,Komentar Balasan,https://vt.tiktok.com/ZSPPh1ENB/,nonaktif1acc_,"@nonaktif1acc_: cari loker tu gampang, keterimanya yg susahğŸ˜­",,,1131,5,,2022,T19,TikTok,Indonesia
T125,Komentar Balasan,https://vt.tiktok.com/ZSPPh1ENB/,dnqrthoon,@dnqrthoon: bingung bikin vc nya ka,,,401,276,,2022,T19,TikTok,Indonesia
T126,Komentar Balasan,https://vt.tiktok.com/ZSPPh1ENB/,trianaarss,@trianaarss: lah itumah lokernya pialang,,,4,1,,2022,T19,TikTok,Indonesia
T127,Komentar Balasan,https://vt.tiktok.com/ZSPPktMWB/,f,"@f: nyari bareng yu saya dri Jawa barat, ga ada temenâœŒï¸",,,37,36,,2022,T20,TikTok,Indonesia
T128,Komentar Balasan,https://vt.tiktok.com/ZSPPktMWB/,sentriadi,@sentriadi: tertekan dengar lagunya udah 1 tahun nganggur soalnya ğŸ˜­ğŸ˜­ğŸ˜­,,,28,9,,2022,T20,TikTok,Indonesia
T129,Komentar Balasan,https://vt.tiktok.com/ZSPPktMWB/,hahihuheho,@hahihuheho: susah co nyari kerjaan apa lagi fresh graduate harus ada orng dlm,,,25,10,,2022,T20,TikTok,Indonesia
T130,Komentar Balasan,https://vt.tiktok.com/ZSPPktMWB/,silent in silenceğŸ¦‹,@silent in silenceğŸ¦‹: kita sama bang hampir 5 Bln nganggur ğŸ™‚,,,6,2,,2022,T20,TikTok,Indonesia
T131,Komentar Balasan,https://vt.tiktok.com/ZSPPAFdEq/,bebankecamatan,"@bebankecamatan: ini semua gara2 syarat loker max umur 25,good looking, bisa bahasa Inggris dan Mandarin, min pengalaman 2 atau 3 tahun di bidang yang sama",,,361,17,,2023,T21,TikTok,Indonesia
T132,Komentar Balasan,https://vt.tiktok.com/ZSPPAFdEq/,Nanda shiballğŸ˜,@Nanda shiballğŸ˜: aku kehitung ga ya dalam 7 juta orang ituğŸ˜‚,,,291,23,,2023,T21,TikTok,Indonesia
T133,Komentar Balasan,https://vt.tiktok.com/ZSPPAFdEq/,AnIdiotSandwich,"@AnIdiotSandwich: syarat kerja elit, gaji sulitğŸ—¿",,,215,10,,2023,T21,TikTok,Indonesia
T134,Komentar Balasan,https://vt.tiktok.com/ZSPPAFdEq/,Fans emyuâ™¥ï¸,@Fans emyuâ™¥ï¸: emang sesulit itu bang sekarang cari kerja,,,130,5,,2023,T21,TikTok,Indonesia
T135,Komentar Balasan,https://vt.tiktok.com/ZSPPDkn5q/,candaasyg,@candaasyg: ide bagus bg ğŸ—¿ PT pagi nunggu sore,,,3523,16,,2023,T22,TikTok,Indonesia
T136,Komentar Balasan,https://vt.tiktok.com/ZSPPDkn5q/,payyy,"@payyy: gua salah satunya anjerr, dah nganggur 6 bulan dari abis wisudah, info loker teman teman",,,814,147,,2023,T22,TikTok,Indonesia
T137,Komentar Balasan,https://vt.tiktok.com/ZSPPDkn5q/,Sann,@Sann: Gas buat PT pengangguran sukses wkwkwk,,,203,2,,2023,T22,TikTok,Indonesia
T138,Komentar Balasan,https://vt.tiktok.com/ZSPPDkn5q/,Akun telah di blokir,@Akun telah di blokir: bismillah gw 2024 jadi boss muda amin kalian juga ğŸ˜‡,,,82,1,,2023,T22,TikTok,Indonesia
T139,Komentar Balasan,https://vt.tiktok.com/ZSPPU6CX2/,aku rela,@aku rela: ini semua gara2 syarat loker max umur 25,,,787,80,,2023,T23,TikTok,Indonesia
T140,Komentar Balasan,https://vt.tiktok.com/ZSPPU6CX2/,Ddyynzxz,@Ddyynzxz: Jadi pengangguran juga banyak saingannya ternyata,,,357,3,,2023,T23,TikTok,Indonesia
T141,Komentar Balasan,https://vt.tiktok.com/ZSPPU6CX2/,carsique,"@carsique: adek gua ipk cumlaude, perguruan tinggi negri,sering ikut lomba/olimpiade, aktif organisasi sana sini tp msh nganggur sampe skrg. ini perusahaan2 mau cari spek yg kaya gimana sih bingung sendiri gua",,,99,25,,2023,T23,TikTok,Indonesia
T142,Komentar Balasan,https://vt.tiktok.com/ZSPPU6CX2/,bhijizakir,@bhijizakir: aku 3 tahun nganggur bangğŸ˜­ udah ngelamar kemana2 belum ada panggilan,,,28,6,,2023,T23,TikTok,Indonesia
T143,Komentar Balasan,https://vt.tiktok.com/ZSPPyyvXR/,PokÃ©mon,"@PokÃ©mon: Di angka 673.000 ada gw coyy,Susah nyri kerja di negara sendiri",,,750,17,,2023,T24,TikTok,Indonesia
T144,Komentar Balasan,https://vt.tiktok.com/ZSPPyyvXR/,farid.,@farid.: bedanya intern sama magang apa sihh?,,,435,14,,2023,T24,TikTok,Indonesia
T145,Komentar Balasan,https://vt.tiktok.com/ZSPPyyvXR/,Bimm,@Bimm: orang dalam solusinya,,,314,3,,2023,T24,TikTok,Indonesia
T146,Komentar Balasan,https://vt.tiktok.com/ZSPPyyvXR/,prtm20,"@prtm20: bener banget, diloker tertulis fresh graduate dipersilahkan tapi dibutuh yang pengalaman 2 tahun, gimana iniğŸ˜‚",,,198,8,,2023,T24,TikTok,Indonesia
T147,Komentar Balasan,https://vt.tiktok.com/ZSPPfF4Ek/,yes i do,@yes i do: lokernya aja maksimal 25thun. yg diatas itu udh susah cari kerja,,,65,10,,2023,T25,TikTok,Indonesia
T148,Komentar Balasan,https://vt.tiktok.com/ZSPPfF4Ek/,jshsjdnke,@jshsjdnke: lokernya juga jaman sekarang syaratnya ga kira2,,,38,5,,2023,T25,TikTok,Indonesia
T149,Komentar Balasan,https://vt.tiktok.com/ZSPPfF4Ek/,ndoy rezky,@ndoy rezky: kebetulan lg nganggur udah 3 bulan. umur otw 33 ğŸ˜”,,,4,2,,2023,T25,TikTok,Indonesia
T150,Komentar Balasan,https://vt.tiktok.com/ZSPPfF4Ek/,Tama Utama âœ”,@Tama Utama âœ”: umur 25 udh susah dapet kesempatan kerja ğŸ˜‚,,,1,2,,2023,T25,TikTok,Indonesia
T151,Komentar Balasan,https://vt.tiktok.com/ZSPPPJd3F/,intan,@intan: emng boleh pengangguran sesantai iniğŸ˜­ğŸ˜­ğŸ˜­,,,6734,89,,2023,T26,TikTok,Indonesia
T152,Komentar Balasan,https://vt.tiktok.com/ZSPPPJd3F/,rehaaağŸ¦‹,@rehaaağŸ¦‹: niatnya istirahat 1 bulan eh kebablasan sampek 8 bulan jd pengangguranğŸ˜Œ,,,2644,194,,2023,T26,TikTok,Indonesia
T153,Komentar Balasan,https://vt.tiktok.com/ZSPPPJd3F/,kidiipie445,@kidiipie444: lulusan 2022 belum dapet kerjaan sampe sekarang doain guys semoga tahun ini bisa cepet dapet kerjağŸ˜mental udah ga aman ğŸ˜­ğŸ˜­,,,1523,228,,2023,T26,TikTok,Indonesia
T154,Komentar Balasan,https://vt.tiktok.com/ZSPPPJd3F/,Muhammad Albani672,@Muhammad Albani672: aku 2020 sampai skrang ğŸ—¿ğŸ‘ğŸ‘ğŸ‘,,,64,6,,2023,T26,TikTok,Indonesia
T155,Komentar Balasan,https://vt.tiktok.com/ZSPP5t9L2/,yovan_,@yovan_: potret pemula interview ğŸ¤£ğŸ¤£ğŸ¤£,,,54900,113,,2023,T27,TikTok,Indonesia
T156,Komentar Balasan,https://vt.tiktok.com/ZSPP5t9L2/,CakraismeğŸƒ,@CakraismeğŸƒ: seharusnyaa bilang gini bng â€œya saya pengen gaji yg tidak memberatkan bapak dan juga tidak merendahkan sayaâ€,,,26900,419,,2023,T27,TikTok,Indonesia
T157,Komentar Balasan,https://vt.tiktok.com/ZSPP5t9L2/,CakraismeğŸƒ,"@clans: paling bingung tiap interview ""maaf disini harus ada pengalaman kerja"" terus gw harus kerja dimana",,,16800,267,,2023,T27,TikTok,Indonesia
T158,Komentar Balasan,https://vt.tiktok.com/ZSPP5t9L2/,kirei,@kirei: blg aja sesuai prosedur perusahaan,,,16000,78,,2023,T27,TikTok,Indonesia
T159,Komentar Balasan,https://vt.tiktok.com/ZSPPm1eEC/,ikky12_04,@ikky12_04: kadang betah kadang bosen nganggur njirr btw udh mau 2 thn nganggurğŸ™‚,,,206,18,,2023,T28,TikTok,Indonesia
T160,Komentar Balasan,https://vt.tiktok.com/ZSPPm1eEC/,shizukaitsy,@shizukaitsy: mau kerja tpi takuttğŸ˜­,,,177,40,,2023,T28,TikTok,Indonesia
T161,Komentar Balasan,https://vt.tiktok.com/ZSPPm1eEC/,spidergirlllllllllll_,@spidergirlllllllllll_: nganggur 2 thn ga enakk wehhh kalo ga kerja disuruh kawin muluuğŸ˜­ğŸ˜­ğŸ˜­,,,113,46,,2023,T28,TikTok,Indonesia
T162,Komentar Balasan,https://vt.tiktok.com/ZSPPm1eEC/,arielly,@arielly: 5tahunan coy sepuhğŸ¤˜,,,73,23,,2023,T28,TikTok,Indonesia
T163,Komentar Balasan,https://vt.tiktok.com/ZSPPuthFT/,Tafaiz,@Tafaiz: ya gk sepenuhnya salah pengangguran juga salah satu faktor banyak pengangguran juga dari syarat2 loker itu sendiri,,,79,2,,2023,T29,TikTok,Indonesia
T164,Komentar Balasan,https://vt.tiktok.com/ZSPPuthFT/,Loka Wei,@Loka Wei: sbenernya loker banyak bgt di platform asal mau usaha aja dan ga nyerah dan menghargai proses,,,71,1,,2023,T29,TikTok,Indonesia
T165,Komentar Balasan,https://vt.tiktok.com/ZSPPuthFT/,Aporia1717,@Aporia1717: loker byk cm kerja ga sesuai expetasi jd mnding nganggur ğŸ˜­,,,50,10,,2023,T29,TikTok,Indonesia
T166,Komentar Balasan,https://vt.tiktok.com/ZSPPuthFT/,xwslm,@xwslm: tapi menurut gw indonesia banyak pengangguran karena indonesia tidak menerapkan ekonomi kapitalis,,,41,22,,2023,T29,TikTok,Indonesia
T167,Komentar Balasan,https://vt.tiktok.com/ZSPPHX2ne/,sekolahtazkiyah,"@sekolahtazkiyah: Aku pernah di PHK, tapi percayalah kita cuma di pecat bos. Bukan di pecat pemberi rezeki â˜ºï¸",,,5325,374,,2023,T30,TikTok,Indonesia
T168,Komentar Balasan,https://vt.tiktok.com/ZSPPHX2ne/,deyin,@deyin: abis ini ada yg komen insyaallah diganti pekerjaan nya dengan yg lebih baik padahal faktanya cari kerja susah,,,2490,303,,2023,T30,TikTok,Indonesia
T169,Komentar Balasan,https://vt.tiktok.com/ZSPPHX2ne/,Ristie,"@Ristie: tidak semua org punya pekerjaan,tp semua org punya rejeki,sy tdk bekerja suami phk.baik baik aja..",,,100,109,,2023,T30,TikTok,Indonesia
T170,Komentar Balasan,https://vt.tiktok.com/ZSPPHX2ne/,Pierreandcloth,@Pierreandcloth: Rezeki dari allah bukan dari PT percaya aja dan jangan lelah berikhtiar,,,75,236,,2023,T30,TikTok,Indonesia
T171,Komentar Balasan,https://vt.tiktok.com/ZSPPxngVT/,TaaağŸ¦‹,@TaaağŸ¦‹: masih mentokk di interviewğŸ˜­,,,543,6,,2024,T31,TikTok,Indonesia
T172,Komentar Balasan,https://vt.tiktok.com/ZSPPxngVT/,cindiamelia.aaa,@cindiamelia.aaa: Dari freshgraduate hingga tdk fresh lg masih blm dpt2ğŸ˜­,,,518,10,,2024,T31,TikTok,Indonesia
T173,Komentar Balasan,https://vt.tiktok.com/ZSPPxngVT/,yayaassssssssss,"@yayaassssssssss: dari fresh sampai jamuran belum ada yg nyangkut. Lokernya sih banyak, tapi jobdesk, syarat dan gajinya yg ga ngotakğŸ˜­",,,97,3,,2024,T31,TikTok,Indonesia
T174,Komentar Balasan,https://vt.tiktok.com/ZSPPxngVT/,Chocooochiipppssssss,"@Chocooochiipppssssss: pliss aku udah apply sana sini, satupun gada yg di panggilğŸ˜­ğŸ˜­",,,3,1,,2024,T31,TikTok,Indonesia
T175,Komentar Balasan,https://vt.tiktok.com/ZSPPXJCDg/,<henii:)),@<henii:)): aku yang kerja di FIF grup ğŸ™ƒ,,,130,85,,2024,T32,TikTok,Indonesia
T176,Komentar Balasan,https://vt.tiktok.com/ZSPPXJCDg/,kiaa,@kiaa: dikit amat gajinyağŸ˜‚ğŸ˜‚ğŸ˜‚ğŸ˜‚,,,34,2,,2024,T32,TikTok,Indonesia
T177,Komentar Balasan,https://vt.tiktok.com/ZSPPXJCDg/,D I L L A,@D I L L A: sisi gelap FIF ytta wkw alumni kc nya tromağŸ˜­,,,26,7,,2024,T32,TikTok,Indonesia
T178,Komentar Balasan,https://vt.tiktok.com/ZSPPXJCDg/,mameee,"@mameee: kak, aku pernah magang di FIF GROUP, tapi ragu buat apply ğŸ˜­",,,24,7,,2024,T32,TikTok,Indonesia
T179,Komentar Balasan,https://vt.tiktok.com/ZSPPX3Hh5/,Ndaa,@Ndaa: Lamar di jobstreet gada yg tembusğŸ˜­ğŸ˜‚,,,212,10,,2024,T33,TikTok,Indonesia
T180,Komentar Balasan,https://vt.tiktok.com/ZSPPX3Hh5/,Yo,@Yo: Glints sih rekomen banget. Apply siang dan kalo sesuai kualifikasi sorenya dikabarin interview,,,58,4,,2024,T33,TikTok,Indonesia
T181,Komentar Balasan,https://vt.tiktok.com/ZSPPX3Hh5/,danâœ¨,"@danâœ¨: indeed sihh sering bgt dipanggil dan interview, jobstreet spam anjirr tbtb ditawarin jd buzzer",,,4,1,,2024,T33,TikTok,Indonesia
T182,Komentar Balasan,https://vt.tiktok.com/ZSPPX3Hh5/,itfullsan,@itfullsan: untuk kesehatan ada ga kak ğŸ™,,,2,1,,2024,T33,TikTok,Indonesia
T183,Komentar Balasan,https://vt.tiktok.com/ZSPP4BepP/,dyyjrxx,@dyyjrxx: lebih banyak ke pialang si wkw,,,390,16,,2024,T34,TikTok,Indonesia
T184,Komentar Balasan,https://vt.tiktok.com/ZSPP4BepP/,Mikhael_â™,"@Riorstm: kak SMA bisa ga ngelamar di bank,,tpi basic nya diretail?ğŸ˜“",,,17,12,,2024,T34,TikTok,Indonesia
T185,Komentar Balasan,https://vt.tiktok.com/ZSPP4BepP/,ratriii,@Mikhael_â™: Saya mau kerja di kantoran tapi saya gak punya basic nya bang? dan pengalaman saya cmn di Logistik gudang!. Apakah saya bisa bang kerja di kantoran?,,,3,4,,2024,T34,TikTok,Indonesia
T186,Komentar Balasan,https://vt.tiktok.com/ZSPP4BepP/,Riorstm,"@ratriii: aku ke banned 2th pdhl dah mau trainingğŸ˜, gpp taun depan coba lagi doain semoga lolos ya kak",,,3,1,,2024,T34,TikTok,Indonesia
T187,Komentar Balasan,https://vt.tiktok.com/ZSPP4Hhq8/,cipaaw,"@cipaaw: udah nganggur 6 bulan semenjak lulus sekolah, rasa nya muak bgttt pingin kerjaağŸ˜“",,,1982,142,,2024,T35,TikTok,Indonesia
T188,Komentar Balasan,https://vt.tiktok.com/ZSPP4Hhq8/,rekaaaaaaa,@rekaaaaaaa: semangat bang lu gak sendirian gua yg nganggur 3 tahun,,,463,90,,2024,T35,TikTok,Indonesia
T189,Komentar Balasan,https://vt.tiktok.com/ZSPP4Hhq8/,Whyu,@Whyu: gue lulus 2022 sampe sekarang masih nganggur ğŸ™ƒ,,,195,111,,2024,T35,TikTok,Indonesia
T190,Komentar Balasan,https://vt.tiktok.com/ZSPP4Hhq8/,Serene,"@Serene: Abang gw lulus dari tahun 2019 sampe sekarang nganggur, ya minimal ada pengalaman kerjalah,bayangin Abang gw umur 23 tahun tapi blm ada pengalaman kerja sama sekali,di tawarin kuliah aja gamau",,,14,22,,2024,T35,TikTok,Indonesia
T191,Komentar Balasan,https://vt.tiktok.com/ZSPPV2Luw/,heraaaaaaa00,@heraaaaaaa00: aku dari fresh graduate sampe ga fresh lagi tetep nganggurğŸ˜­ğŸ˜­ğŸ˜­,,,1847,44,,2024,T36,TikTok,Indonesia
T192,Komentar Balasan,https://vt.tiktok.com/ZSPPV2Luw/,gataucapee37,@gataucapee37: iya cape tp bingung cari kerja dmn,,,514,2,,2024,T36,TikTok,Indonesia
T193,Komentar Balasan,https://vt.tiktok.com/ZSPPV2Luw/,Putri Agustina,@Putri Agustina: disini ada yg umur nya 28 masih nganggur ga siğŸ˜­,,,72,72,,2024,T36,TikTok,Indonesia
T194,Komentar Balasan,https://vt.tiktok.com/ZSPPV2Luw/,Arraaa,@Arraaa: jadi pengangguran juga capek,,,19,4,,2024,T36,TikTok,Indonesia
T195,Komentar Balasan,https://vt.tiktok.com/ZSPPV7oHx/,Chong-Li,@Chong-Li: karna bnyk ketentuan yg ga ngotak + gajinya tergantung bosğŸ˜‚,,,820,17,,2024,T37,TikTok,Indonesia
T196,Komentar Balasan,https://vt.tiktok.com/ZSPPV7oHx/,Kocu,@Kocu: Nggak sepenuh nya gara gara gan z sih yang mendidik gen z kan gen yang terdahulu,,,102,2,,2024,T37,TikTok,Indonesia
T197,Komentar Balasan,https://vt.tiktok.com/ZSPPV7oHx/,user45263263536,"@user45263263536: Kualifikasi nya kohh harus punya pengalaman kerja 1 tahun , nah sedangkan dia aja belum punya pengalaman gimana itu koh?",,,43,10,,2024,T37,TikTok,Indonesia
T198,Komentar Balasan,https://vt.tiktok.com/ZSPPV7oHx/,Riannn.,"@Riannn.: pejabat lebih sibuk memperkaya diri, dari pada membuka lapangan pekerjaan..",,,33,2,,2024,T37,TikTok,Indonesia
T199,Komentar Balasan,https://vt.tiktok.com/ZSPPqn4ME/,Lumos,@Lumos: hidup harus tanpa penyesalan sih.. selalu ada hal baik dibanding hal buruk..,,,290,2,,2024,T38,TikTok,Indonesia
T200,Komentar Balasan,https://vt.tiktok.com/ZSPPqn4ME/,bananaslice,"@bananaslice: aku jugaa, ada di siklus aftergraduate inii lama bangeet kadang sampe mikir makin hari ko makin gelap yaa, makin ga terarah dan kadang sampe ga percaya sama diri sendiriğŸ¥º",,,144,7,,2024,T38,TikTok,Indonesia
T201,Komentar Balasan,https://vt.tiktok.com/ZSPPqn4ME/,AkubukanUFO,@AkubukanUFO: di PHK bkn berarti lu buruk atau ga bagus...,,,45,2,,2024,T38,TikTok,Indonesia
T202,Komentar Balasan,https://vt.tiktok.com/ZSPPqn4ME/,MDa,@MDa: aku juga di PHK baru 2 blnğŸ¥º,,,5,4,,2024,T38,TikTok,Indonesia
T203,Komentar Balasan,https://vt.tiktok.com/ZSPPbSfcF/,Ayu.Rdha 17,"@Ayu.Rdha 17: iya nganggur terlalu lama, kagak ada pemasukan lagi :)",,,166,5,,2024,T39,TikTok,Indonesia
T204,Komentar Balasan,https://vt.tiktok.com/ZSPPbSfcF/,littlebutterfllyğŸ§šâ€â™€ï¸ğŸ‘,@littlebutterfllyğŸ§šâ€â™€ï¸ğŸ‘: semoga setelah pertempuran ini bakalan ketemu sama pekerjaan yang bener bener pas aamiinnnnnnn,,,97,6,,2024,T39,TikTok,Indonesia
T205,Komentar Balasan,https://vt.tiktok.com/ZSPPbSfcF/,Kau Ni Ape?,@Kau Ni Ape?: Baru x ini Gue jd beban keluarga ğŸ˜­,,,27,3,,2024,T39,TikTok,Indonesia
T206,Komentar Balasan,https://vt.tiktok.com/ZSPPbSfcF/,ang_zahrotunnashop,@ang_zahrotunnashop: udh 8bulan nganggur menyala dirikuğŸ˜…,,,3,3,,2024,T39,TikTok,Indonesia
T207,Komentar Balasan,https://vt.tiktok.com/ZSPPgN3Rb/,ranasausan05,"@ranasausan05: Halo kak, aku jg S2 lulusan UGM. Ak jg sering bgt dirugikan dg stigma overqualified. Alhasil, susah cari kerja selama 2 tahun terakhir ğŸ˜­ğŸ™ğŸ»",,,281,57,,2024,T40,TikTok,Indonesia
T208,Komentar Balasan,https://vt.tiktok.com/ZSPPgN3Rb/,nntrr_4,"@nntrr_4: Tapi emang mau s1 ataupun s2 cari kerja sesusah itu udah apply dimana2 ga ada hasil, padahal tiap harinya selalu ikut course, trainning dll. Alhasil dripada buang2 waktu dan masih ada biaya mutusin-",,,170,3,,2024,T40,TikTok,Indonesia
T209,Komentar Balasan,https://vt.tiktok.com/ZSPPgN3Rb/,Fald,@Fald: trmanku kebanyakan s2 karna ngganggur ga tau mau ngapain setelah s1,,,40,17,,2024,T40,TikTok,Indonesia
T210,Komentar Balasan,https://vt.tiktok.com/ZSPPgN3Rb/,MY | HRD ğŸ‡®ğŸ‡© Kuliah ğŸ‡¸ğŸ‡ª,"@MY | HRD ğŸ‡®ğŸ‡© Kuliah ğŸ‡¸ğŸ‡ª: Sebagai HR Setuju banget, poin terakhir aku udah terapin kok diperusahaan lama, aku hire lulusan s2 dalam dan luar negeri, dan bahkan lagi ongoing Ph.D",,,10,2,,2024,T40,TikTok,Indonesia
T211,Komentar Balasan,https://vt.tiktok.com/ZSPPpoChc/,dias......_,@dias......_: kita tuh over populasi,,,16500,213,,2025,T41,TikTok,Indonesia
T212,Komentar Balasan,https://vt.tiktok.com/ZSPPpoChc/,Alan.exe,@Alan.exe: UI ğŸ˜­ğŸ˜­ gw kira lulusan UI tuh mentok bakal easily dapet job karena alumni yg kuatğŸ˜­,,,12600,97,,2025,T41,TikTok,Indonesia
T213,Komentar Balasan,https://vt.tiktok.com/ZSPPpoChc/,gazorusotaro,@JagoGame: jurusan banyak yang keren tapi lowongannya cuma dikit,,,2880,4,,2025,T41,TikTok,Indonesia
T214,Komentar Balasan,https://vt.tiktok.com/ZSPPpoChc/,JagoGame,"@gazorusotaro: anak UI aja susah dapet kerja, apalagi gw yang kampus ecek""ğŸ˜‚",,,794,17,,2025,T41,TikTok,Indonesia
T215,Komentar Balasan,https://vt.tiktok.com/ZSPPsC2CK/,itâ€™s MilfaaağŸŒ¸,"@itâ€™s MilfaaağŸŒ¸: guys, aku uda 2thn nganggur:(",,,324,54,,2025,T42,TikTok,Indonesia
T216,Komentar Balasan,https://vt.tiktok.com/ZSPPsC2CK/,Mocca.Mochi,"@Mocca.Mochi: kenapa harus merasa gini ? aku lulusan S2 nganggur hampir 2 thn but its okey mamaku jg oke oke aja cuma mama yg nerima kita dalam kondisi seburuk apapun . jadi , kenapa ada alasan ga ""enak"" ngobrol sama ""rumah"" sendiri ? gpp , Allah tau mana yang terbaik diantara yang baik . tidak cepat tapi diwaktu yang tepat. semangat",,,158,73,,2025,T42,TikTok,Indonesia
T217,Komentar Balasan,https://vt.tiktok.com/ZSPPsC2CK/,yoursweetypie297,"@yoursweetypie297: cape bgt yagasi? apa lgi org sekitar cuma bisa neken tpi ga bsa ngertiin pdhl kitanya jg udh usaha, mn diblg pilih"" kerjaan pdhlkn kerjaannya yg ga milih kitağŸ˜•",,,85,4,,2025,T42,TikTok,Indonesia
T218,Komentar Balasan,https://vt.tiktok.com/ZSPPsC2CK/,mas-mas scbd,"@mas-mas scbd: aku hampir 3 tahun nganggurrrraaakhhh, ini lagi siap2 mau daftar driver shopeefood, doain ya guyz semoga lancar",,,14,4,,2025,T42,TikTok,Indonesia
T219,Komentar Balasan,https://vt.tiktok.com/ZSPPG6os6/,impossible ğŸ¥·ğŸ»,@impossible ğŸ¥·ğŸ»: bukanya mereka yg gamau bekerja..tetapi memang pekerjaan yg tidak ada..semangat,,,789300,188,,2025,T43,TikTok,Indonesia
T220,Komentar Balasan,https://vt.tiktok.com/ZSPPG6os6/,Mansyah,@Mansyah: Dan yg mengherankan masih banyak anak muda yg menikah dalam keadaan ekonomi yg belum stabil,,,3478,134,,2025,T43,TikTok,Indonesia
T221,Komentar Balasan,https://vt.tiktok.com/ZSPPG6os6/,Miracel Invoker,@Miracel Invoker: gajih kecil kerja mau skill dewa ğŸ˜‚ indo indo,,,3228,39,,2025,T43,TikTok,Indonesia
T222,Komentar Balasan,https://vt.tiktok.com/ZSPPG6os6/,si baby taxi,@si baby taxi: kerja di indo 1. sangat butuh orang dalem 2. gaji awur-awuran,,,1679,19,,2025,T43,TikTok,Indonesia
T223,Komentar Balasan,https://vt.tiktok.com/ZSPPt5daP/,punyadel_,@punyadel_: Iyaa lagi sama notif ke email bukan panggilan malah notif kadaluarsa dr posisi yang dilamar,,,1444,34,,2025,T44,TikTok,Indonesia
T224,Komentar Balasan,https://vt.tiktok.com/ZSPPt5daP/,Achmad Capri,"@Achmad Capri: mending jangan jobstreet deh. gak worth it. soalnya dari aplikasi udah screening duluan buat sampe ke HR. jobstreet buat cari nama PT dan Lokernya aja. cari nama/email HRD di LinkedIn. langsung email aja, langsung nyanpe ke HRD CV kita itu",,,1111,29,,2025,T44,TikTok,Indonesia
T225,Komentar Balasan,https://vt.tiktok.com/ZSPPt5daP/,Matchachaa,@Matchachaa: Kadang mikir kenapa ya orang orang bisa dapet kerja sementara aku susah banget asa apa ya sama akuğŸ˜­ğŸ˜­ğŸ˜­ğŸ˜­ğŸ˜­ğŸ˜­,,,212,4,,2025,T44,TikTok,Indonesia
T226,Komentar Balasan,https://vt.tiktok.com/ZSPPt5daP/,matchaluverğŸµ,@matchaluverğŸµ: ka coba make glints dia lumayan cepet,,,111,31,,2025,T44,TikTok,Indonesia
T227,Komentar Balasan,https://vt.tiktok.com/ZSPPnNqq8/,Are you oke,@Are you oke: negara ini sudah bangkrut sebenarnya cuma pemerintah menutup nutupi,,,662,29,,2025,T45,TikTok,Indonesia
T228,Komentar Balasan,https://vt.tiktok.com/ZSPPnNqq8/,Daniel,@Daniel: kulia hanya menunda pengangguran..cuma jadi ladang bisnis di sektor pendidikanğŸ˜ŠğŸ˜Š,,,468,48,,2025,T45,TikTok,Indonesia
T229,Komentar Balasan,https://vt.tiktok.com/ZSPPnNqq8/,rcs_jaya,"@rcs_jaya: mana peduli ginian, yg penting pajak peras sampai kering",,,101,1,,2025,T45,TikTok,Indonesia
T230,Komentar Balasan,https://vt.tiktok.com/ZSPPnNqq8/,Aboy,@Aboy: saya aja lulusan S2.. pengangguran,,,54,8,,2025,T45,TikTok,Indonesia
T231,Komentar Balasan,https://vt.tiktok.com/ZSPPnsaU5/,ftyfty,"@ftyfty: Gue udah di level capek marah, mau nangis aja",,,944,12,,2025,T46,TikTok,Indonesia
T232,Komentar Balasan,https://vt.tiktok.com/ZSPPnsaU5/,pakbay,"@pakbay: sebenarnya ini termasuk ""dead horse theory"", seleksi penerimaan CPNS dan PPPK thn 2024 sebenarnya tidak relevan jika berkaca pada keadaan APBN kita",,,60,24,,2025,T46,TikTok,Indonesia
T233,Komentar Balasan,https://vt.tiktok.com/ZSPPnsaU5/,Orang,@Orang: Makasih bang untuk menyuarakan ğŸ™ğŸ»,,,11,1,,2025,T46,TikTok,Indonesia
T234,Komentar Balasan,https://vt.tiktok.com/ZSPPnsaU5/,Iâ€™m not Freen,@Iâ€™m not Freen: Kebagian susahnya doang. ğŸ™ƒ,,,9,1,,2025,T46,TikTok,Indonesia
T235,Komentar Balasan,https://vt.tiktok.com/ZSPPWNTeN/,sabi kim,@sabi kim: Dan mereka bertanya2 kenapa genzi tidak bahagia,,,1819,5,,2025,T47,TikTok,Indonesia
T236,Komentar Balasan,https://vt.tiktok.com/ZSPPWNTeN/,Aal Izz Well,@Aal Izz Well: 2003 adalah tahun terburuk utk lahir anjir ğŸ˜­,,,714,8,,2025,T47,TikTok,Indonesia
T237,Komentar Balasan,https://vt.tiktok.com/ZSPPWNTeN/,neveenns,"@neveenns: Sebenarnya lowongan itu banyak, cek aja jobstreet, glints atau linkedin. Cuma disini concern nya, ada ketidak sesuaian antara kriteria perusahaan sama pelamar2nya. Contoh : Maksimal umur, tinggi badan, pendidikan minimal. Nah ini yang harus dicari jalan tengahnya.",,,102,11,,2025,T47,TikTok,Indonesia
T238,Komentar Balasan,https://vt.tiktok.com/ZSPPWNTeN/,Kepiting Anggora,@Kepiting Anggora: bruh gua lulus 2022 sampe sekarang belom dapet kerja sama sekaliğŸ˜‚,,,50,6,,2025,T47,TikTok,Indonesia
T239,Komentar Balasan,https://vt.tiktok.com/ZSPP7VN2C/,ansspttt_,"@ansspttt_: udah nganggur, diusir lagiğŸ˜”",,,5911,42,,2025,T48,TikTok,Indonesia
T240,Komentar Balasan,https://vt.tiktok.com/ZSPP7VN2C/,yuu,@yuu: lah fungsi dan janji pemerintah yg katanya menyediakan lowongan kerja mana,,,931,37,,2025,T48,TikTok,Indonesia
T241,Komentar Balasan,https://vt.tiktok.com/ZSPP7VN2C/,Akbarzikri23,@Akbarzikri23: iya sih Indonesia tuh kelebihan populasi manusia?ğŸ¤”,,,127,34,,2025,T48,TikTok,Indonesia
T242,Komentar Balasan,https://vt.tiktok.com/ZSPP7VN2C/,fik.07,"@fik.07: kalo bisa mah gw mau kerja di jepang, tpi gtw gimna caranya dan perlu biaya berapa ğŸ—¿",,,19,9,,2025,T48,TikTok,Indonesia
T243,Komentar Balasan,https://vt.tiktok.com/ZSPP7VN2C/,rijkiputra,"@rijkiputra: benar banget bang, udah kacau negara ini",,,4043,13,,2025,T49,TikTok,Indonesia
T244,Komentar Balasan,https://vt.tiktok.com/ZSPP7VN2C/,ttorroo,"@ttorroo: emang pemerinth sini, cape bgt liat berita",,,2177,3,,2025,T49,TikTok,Indonesia
T245,Komentar Balasan,https://vt.tiktok.com/ZSPP7VN2C/,Dino Yellow,@Dino Yellow: 19 JT Lapangan Kerja ğŸ¤£ğŸ¤£ğŸ¤£ğŸ¤£ğŸ¤£ğŸ¤£,,,1780,77,,2025,T49,TikTok,Indonesia
T246,Komentar Balasan,https://vt.tiktok.com/ZSPP7VN2C/,rissi,@rissi: ayo kompak jangan percaya dengan para pejabat negara,,,371,9,,2025,T49,TikTok,Indonesia
T247,Komentar Balasan,https://vt.tiktok.com/ZSPPv4ens/,sitinurmayanti406,@sitinurmayanti406: cape jadi pengangguranğŸ˜­,,,709,25,,2025,T50,TikTok,Indonesia
T248,Komentar Balasan,https://vt.tiktok.com/ZSPPv4ens/,OrangSukses,"@OrangSukses: bingung capek ga bisa dideskripsikan dihina dihujat tetangga karena nganggur, skrng disindirÂ² dimakiÂ² adek sendiri, bahkan orang tua udh ngedumel terus, tapi aku ga berhenti usaha lamar kesana kesini baik ngelamar online bahkan saking takut nya dirumah setiap pagi aku ikutan kaya orang lain berangkat pagi bedanya orang lain berangkat pagi dgn tujuan jelas ke kantor untuk bekerja sedangkan aku berangkat pagi dgn tujuan ga tau mau kemana arahnya sambil nenteng amplop buat lamar kesana kesini sedangkan 2025 udh tinggal menghitung beberapa hari lagi akan selesai, semoga di penghujung 2025 ada keajaiban aku dpt kerjaan biar aku punya kesibukan bisa beli apa aja yg aku mauğŸ˜­ğŸ¥¹ tolong yakinin aku, klo aku segera bakal dapet pekerjaan yg aku impikan kan yaa? ğŸ¥¹",,,327,21,,2025,T50,TikTok,Indonesia
T249,Komentar Balasan,https://vt.tiktok.com/ZSPPv4ens/,mihawk,@mihawk: dari fresh sampe udah gak fresh lagiğŸ—¿,,,100,1,,2025,T50,TikTok,Indonesia
T250,Komentar Balasan,https://vt.tiktok.com/ZSPPv4ens/,Lisamyln,"@Lisamyln: CAPE BANGET UDAH MAU SETAHUN, PLIS",,,15,1,,2025,T50,TikTok,Indonesia
T251,Komentar Balasan,https://www.tiktok.com/@tempo.co/video/6823188790429928705?is_from_webapp=1&sender_device=pc&web_id=7541603112566588935,SHINJIRO RUMI,"@SHINJIRO RUMI: Sabar ya mas, smua ada wkt, cara dan jalanNYA, kita smakin tau bhw sehat dan silaturahmi itu mahal...",,,11,0,,2020,T51,TikTok,Indonesia
T252,Komentar Balasan,https://www.tiktok.com/@tempo.co/video/6823188790429928705?is_from_webapp=1&sender_device=pc&web_id=7541603112566588935,AvillazğŸ–¤ğŸ–¤ğŸ–¤,@AvillazğŸ–¤ğŸ–¤ğŸ–¤: saya jugak mengalami nyğŸ˜¢,,,4,0,,2020,T51,TikTok,Indonesia
T253,Komentar Balasan,https://www.tiktok.com/@tempo.co/video/6823188790429928705?is_from_webapp=1&sender_device=pc&web_id=7541603112566588935,Bpm Wire Prebuild,@Bpm Wire Prebuild: sayang nya tidak ada solusi buat anak perantauan yg menggantung di kota org,,,0,0,,2020,T51,TikTok,Indonesia
T254,Komentar Balasan,https://www.tiktok.com/@tempo.co/video/6823188790429928705?is_from_webapp=1&sender_device=pc&web_id=7541603112566588935,Virgo1997â™,"@Virgo1997â™: kita sama, tabungan semakin menipis sedangkan gak bisa pulang kampung",,,0,0,,2020,T51,TikTok,Indonesia
T255,Komentar Balasan,https://www.tiktok.com/@hey.maretchu/video/6884054346682666242?is_from_webapp=1&sender_device=pc&web_id=7541603112566588935,Sagitarius â™,@Sagitarius : kak kalo Bekasi buka gk ya,,,2,1,,2020,T52,TikTok,Indonesia
T256,Komentar Balasan,https://www.tiktok.com/@hey.maretchu/video/6884054346682666242?is_from_webapp=1&sender_device=pc&web_id=7541603112566588935,Bbyaaa,@Bbyaaa: kalo sambil kuliah bisa ga ka?,,,1,1,,2020,T52,TikTok,Indonesia
T257,Komentar Balasan,https://www.tiktok.com/@hey.maretchu/video/6884054346682666242?is_from_webapp=1&sender_device=pc&web_id=7541603112566588935,A,@A: lowongannya makin aktif ya bund wkwk,,,2,1,,2020,T52,TikTok,Indonesia
T258,Komentar Balasan,https://www.tiktok.com/@hey.maretchu/video/6884054346682666242?is_from_webapp=1&sender_device=pc&web_id=7541603112566588935,Anak Manajemen,@Anak Manajemen: kak awalnya dulu ikut MT atau gimana kak?,,,2,4,,2020,T52,TikTok,Indonesia
T259,Komentar Balasan,https://www.tiktok.com/@sicepatekspres/video/6908719936525389057?is_from_webapp=1&sender_device=pc&web_id=7541603112566588935,pim nateph,@pim nateph: Apakabarnya lulusan SMK tp handal ms.office .emang semuanya butuh sertifikasi ğŸ˜Œyg g mampu tersertifikasi minggir,,,3,0,,2020,T53,TikTok,Indonesia
T260,Komentar Balasan,https://www.tiktok.com/@sicepatekspres/video/6908719936525389057?is_from_webapp=1&sender_device=pc&web_id=7541603112566588935,Bagas syah,"@Bagas syah: min, kalau saya dulu mantan seller activation officer sicepat Daan Mogot, bisa ngelamar lagi ngak ya?",,,2,0,,2020,T53,TikTok,Indonesia
T261,Komentar Balasan,https://www.tiktok.com/@sicepatekspres/video/6908719936525389057?is_from_webapp=1&sender_device=pc&web_id=7541603112566588935,asiqinaza,@asiqinaza: aku fresh graduate:( gabisa ya emangnyağŸ˜³,,,4,0,,2020,T53,TikTok,Indonesia
T262,Komentar Balasan,https://www.tiktok.com/@sicepatekspres/video/6908719936525389057?is_from_webapp=1&sender_device=pc&web_id=7541603112566588935,anoumale,@anoumale: Sma/smk ga ada ka?pengalaman admin,,,3,0,,2020,T53,TikTok,Indonesia
T263,Komentar Balasan,https://www.tiktok.com/@sweaterpolos.id/video/6911687823577959682?is_from_webapp=1&sender_device=pc&web_id=7541603112566588935,n a d,"@n a d: full time ya kak? gaada kah yg part time, karena masih harus kuliah",,,161,42,,2020,T54,TikTok,Indonesia
T264,Komentar Balasan,https://www.tiktok.com/@sweaterpolos.id/video/6911687823577959682?is_from_webapp=1&sender_device=pc&web_id=7541603112566588935,uvuuvuvuuv,@uvuuvuvuuv: Dulu tokonya masih biasa aja sekarang udah keren ğŸ‘,,,549,6,,2020,T54,TikTok,Indonesia
T265,Komentar Balasan,https://www.tiktok.com/@sweaterpolos.id/video/6911687823577959682?is_from_webapp=1&sender_device=pc&web_id=7541603112566588935,zafğŸ°,@zafğŸ°: mau ikutan tp ga bakat bikin video ğŸ˜­ğŸ˜­ğŸ˜­,,,250,10,,2020,T54,TikTok,Indonesia
T266,Komentar Balasan,https://www.tiktok.com/@sweaterpolos.id/video/6911687823577959682?is_from_webapp=1&sender_device=pc&web_id=7541603112566588935,abbas,@abbas: bisa sambil kuliah ga kak?,,,74,20,,2020,T54,TikTok,Indonesia
T267,Komentar Balasan,https://www.tiktok.com/@estehindonesia/video/6901580065444809985?is_from_webapp=1&sender_device=pc&web_id=7541603112566588935,anaynay,@anaynay: klo bolehtauuu ini khusus jkt atau bukan ka?,,,27,9,,2020,T55,TikTok,Indonesia
T268,Komentar Balasan,https://www.tiktok.com/@estehindonesia/video/6901580065444809985?is_from_webapp=1&sender_device=pc&web_id=7541603112566588935,Check Out Yuk,"@Check Out Yuk: udah atuh om Gimmick nya, kasian orang yg udah ngarep di PHPin mulu.. Buat trik marketing sih sah2 aja , tapi Cara nya ga gini terus, ga beretika..",,,325,64,,2020,T55,TikTok,Indonesia
T269,Komentar Balasan,https://www.tiktok.com/@estehindonesia/video/6901580065444809985?is_from_webapp=1&sender_device=pc&web_id=7541603112566588935,AQUARIUSâ™’,@AQUARIUSâ™’: udahh apply berkali kali lewat email info loker dari Ig tapi gada panggilan sama sekali ğŸ˜,,,27,8,,2020,T55,TikTok,Indonesia
T270,Komentar Balasan,https://www.tiktok.com/@estehindonesia/video/6901580065444809985?is_from_webapp=1&sender_device=pc&web_id=7541603112566588935,Coklat toblerone,@Coklat toblerone: Harus bersedia di tempatkan di mana saja kah ?,,,6,1,,2020,T55,TikTok,Indonesia
T271,Komentar Balasan,https://www.tiktok.com/@ussindonesia/video/6903858515912232194?is_from_webapp=1&sender_device=pc&web_id=7541603112566588935,Andy,@Andy: kira kira kalau aku yg daftar gimana ya...,,,20,3,,2020,T56,TikTok,Indonesia
T272,Komentar Balasan,https://www.tiktok.com/@ussindonesia/video/6903858515912232194?is_from_webapp=1&sender_device=pc&web_id=7541603112566588935,raraa,@raraa: untuk umur brpa ka??,,,20,12,,2020,T56,TikTok,Indonesia
T273,Komentar Balasan,https://www.tiktok.com/@ussindonesia/video/6903858515912232194?is_from_webapp=1&sender_device=pc&web_id=7541603112566588935,sapikecillğŸ®,"@sapikecillğŸ®: Yah jakarta, yah 24 tahun, yah mundur dehğŸ˜³",,,75,3,,2020,T56,TikTok,Indonesia
T274,Komentar Balasan,https://www.tiktok.com/@ussindonesia/video/6903858515912232194?is_from_webapp=1&sender_device=pc&web_id=7541603112566588935,âœ¨MAMA KAYLAâœ¨,@âœ¨MAMA KAYLAâœ¨: Barusan aku ngirim cv semoga keterima amin,,,5,4,,2020,T56,TikTok,Indonesia
T273,Komentar Balasan,https://www.tiktok.com/@mscosmeticofficial/video/6906677324645780737?is_from_webapp=1&sender_device=pc&web_id=7541603112566588935,GÌ¾OÌ¾OÌ¾DÌ¾BÌ¾OÌ¾YÌ¾SÌ¾,"@GÌ¾OÌ¾OÌ¾DÌ¾BÌ¾OÌ¾YÌ¾SÌ¾: Ya Allah mau kerja tapi lulusanku cuma SMK kalah sama yg punya title S1,D3,D1 ğŸ˜”",,,104,12,,2020,T57,TikTok,Indonesia
T274,Komentar Balasan,https://www.tiktok.com/@mscosmeticofficial/video/6906677324645780737?is_from_webapp=1&sender_device=pc&web_id=7541603112566588935,Mudalifah Official,@Mudalifah Official: untuk umur 22 tahun Ndak ada ya kak lowongan kerja nya,,,5,2,,2020,T57,TikTok,Indonesia
T275,Komentar Balasan,https://www.tiktok.com/@mscosmeticofficial/video/6906677324645780737?is_from_webapp=1&sender_device=pc&web_id=7541603112566588935,Erlanita80,@Erlanita80: apalah daya aku yg cuma lulusan smp..muduuurrrr.dan doain mereka keterima kerjanya,,,2,2,,2020,T57,TikTok,Indonesia
T276,Komentar Balasan,https://www.tiktok.com/@mscosmeticofficial/video/6906677324645780737?is_from_webapp=1&sender_device=pc&web_id=7541603112566588935,penunggujodohğŸ’•,@penunggujodohğŸ’•: Selain posisi yg uda disebutkan apalagi posisi lainnya kak? Kan katanya ada byk posisi hehe...,,,13,13,,2020,T57,TikTok,Indonesia
T277,Komentar Balasan,https://www.tiktok.com/@riffasancati/video/6903479863009824002?is_from_webapp=1&sender_device=pc&web_id=7541603112566588935,Talika Learning & Development,"@Talika Learning & Development: yang nomor 1 enggak juga kak. saya sudah 10 th kerja kena phk. sedangkan yang suka ""maen"", yang jadi toxic, yang suka negatif dipertahankan ğŸ˜‚",,,0,1,,2020,T58,TikTok,Indonesia
T278,Komentar Balasan,https://www.tiktok.com/@riffasancati/video/6903479863009824002?is_from_webapp=1&sender_device=pc&web_id=7541603112566588935,QueenR,"@QueenR: saya terkena PHK dibulan okt kemarin, bingung juga mau seneng apa sedih, udah suntuk jenuh bgt dikantor gaada kerjaan set kerjaan utama dioper ke tmn",,,1,7,,2020,T58,TikTok,Indonesia
T279,Komentar Balasan,https://www.tiktok.com/@riffasancati/video/6903479863009824002?is_from_webapp=1&sender_device=pc&web_id=7541603112566588935,Gentuh,"@Gentuh: awal 2020 lebih dari setengah, karyawan di kantor di berhentikan, saya dan beberapa karyawan inti aja dipertahankan",,,0,3,,2020,T58,TikTok,Indonesia
T280,Komentar Balasan,https://www.tiktok.com/@riffasancati/video/6903479863009824002?is_from_webapp=1&sender_device=pc&web_id=7541603112566588935,Khrisna,@Khrisna: Contoh pekerja yg aman apa ya mbak?,,,1,4,,2020,T58,TikTok,Indonesia
T281,Komentar Balasan,https://www.tiktok.com/@mrs_nyuph/video/6899654974368713986?is_from_webapp=1&sender_device=pc&web_id=7541603112566588935,elpin,"@elpin: ""minimal pengalaman 5 thn"" ğŸ˜…",,,2,1,,2020,T59,TikTok,Indonesia
T282,Komentar Balasan,https://www.tiktok.com/@mrs_nyuph/video/6899654974368713986?is_from_webapp=1&sender_device=pc&web_id=7541603112566588935,Olcay,@Olcay: Freshgraduate ayok mundur bareng2,,,3,1,,2020,T59,TikTok,Indonesia
T283,Komentar Balasan,https://www.tiktok.com/@mrs_nyuph/video/6899654974368713986?is_from_webapp=1&sender_device=pc&web_id=7541603112566588935,ode,@ode: kak BUMN membuka program magang ngga?,,,1,2,,2020,T59,TikTok,Indonesia
T284,Komentar Balasan,https://www.tiktok.com/@mrs_nyuph/video/6899654974368713986?is_from_webapp=1&sender_device=pc&web_id=7541603112566588935,AlMerrLubaid,@AlMerrLubaid: yg buat lulusan sma sederajat gak ada kak??,,,0,0,,2020,T59,TikTok,Indonesia
T285,Komentar Balasan,https://www.tiktok.com/@dedejummia/video/6876485090935901441?is_from_webapp=1&sender_device=pc&web_id=7541603112566588935,Mba ndaağŸ«¶,@Mba ndaağŸ«¶: kk kalo mau ikut pelatihan harus tersambung dulu ke ewalet ya,,,3,6,,2020,T60,TikTok,Indonesia
T286,Komentar Balasan,https://www.tiktok.com/@dedejummia/video/6876485090935901441?is_from_webapp=1&sender_device=pc&web_id=7541603112566588935,Putri.shandyn,"@Putri.shandyn: aku udah dapat survei itu dari gel 5 dulu, trus aku isi 0. Makanya sampai sekarang gak lolos2",,,5,12,,2020,T60,TikTok,Indonesia
T287,Komentar Balasan,https://www.tiktok.com/@dedejummia/video/6876485090935901441?is_from_webapp=1&sender_device=pc&web_id=7541603112566588935,Ftry,@Ftry: kartu prakerja itu buat yg kerja aja atau gimana hyung? maaf nanyak soalnya kudetğŸ˜ğŸ˜ğŸ˜,,,7,7,,2020,T60,TikTok,Indonesia
T288,Komentar Balasan,https://www.tiktok.com/@dedejummia/video/6876485090935901441?is_from_webapp=1&sender_device=pc&web_id=7541603112566588935,mamaanakdua091,@mamaanakdua091: aq blm ikut webinar sertifat blm muncul di dasboard ğŸ˜Œ,,,6,16,,2020,T60,TikTok,Indonesia
T289,Komentar Balasan,https://www.tiktok.com/@mudacumasekali/video/6772116083567594754?is_from_webapp=1&sender_device=pc&web_id=7541603112566588935,Madhan Madhan,@Madhan Madhan: Santuyyy,,,0,0,,2019,T61,TikTok,Indonesia
T290,Komentar Balasan,https://www.tiktok.com/@mudacumasekali/video/6772116083567594754?is_from_webapp=1&sender_device=pc&web_id=7541603112566588935,Deri Wiharya,"@Deri Wiharya: tapi permasalahan nya ijasah smp juga misa masuk kerja
yang penting ada uang dan ada orang dalam",,,0,0,,2019,T61,TikTok,Indonesia
T291,Komentar Balasan,https://www.tiktok.com/@mudacumasekali/video/6772116083567594754?is_from_webapp=1&sender_device=pc&web_id=7541603112566588935,denna,@denna: Jadi youtuber aja,,,0,0,,2019,T61,TikTok,Indonesia
T292,Komentar Balasan,https://www.tiktok.com/@mudacumasekali/video/6772116083567594754?is_from_webapp=1&sender_device=pc&web_id=7541603112566588935,ipunk,@ipunk: jgn gengsi kerj ap ja....klok ad yg lbh baik bru pindh.,,,3,0,,2019,T61,TikTok,Indonesia
T293,Komentar Balasan,https://www.tiktok.com/@icaaca_zz/video/6685243189613432065?is_from_webapp=1&sender_device=pc&web_id=7541603112566588935,Fabian.indonesia,@Fabian.indonesia: Makan nya Pilih Prabowo Sandi kalo mau gaji naik,,,8,0,,2019,T62,TikTok,Indonesia
T294,Komentar Balasan,https://www.tiktok.com/@icaaca_zz/video/6685243189613432065?is_from_webapp=1&sender_device=pc&web_id=7541603112566588935,QueenErika,@QueenErika: kok pada debat! seh! mending bertengkat,,,1,0,,2019,T62,TikTok,Indonesia
T295,Komentar Balasan,https://www.tiktok.com/@icaaca_zz/video/6685243189613432065?is_from_webapp=1&sender_device=pc&web_id=7541603112566588935,mr.sim,@mr.sim: Kuliah donk,,,0,0,,2019,T62,TikTok,Indonesia
T296,Komentar Balasan,https://www.tiktok.com/@icaaca_zz/video/6685243189613432065?is_from_webapp=1&sender_device=pc&web_id=7541603112566588935,BagasSaputra,@BagasSaputra: ngeri ğŸ¤£,,,0,0,,2019,T62,TikTok,Indonesia